{"ROC_AUC":0.8452782771,"PR_AUC":0.6603639822,"F1":0.6342943854,"ConfusionMatrix":[[607,169],[72,209]],"Threshold":0.5521616114}