{"ROC_AUC":0.8182095425,"PR_AUC":0.6109497386,"F1":0.6006289308,"ConfusionMatrix":[[612,164],[90,191]],"Threshold":0.3866666667}