{"ROC_AUC":0.8209244414,"PR_AUC":0.6349068196,"F1":0.5994397759,"ConfusionMatrix":[[557,219],[67,214]],"Threshold":0.380308032}